{"loss": [0.0021897652186453342, 0.001611919142305851, 0.0015429838094860315, 0.0015101670287549496, 0.001480765757150948, 0.001459596212953329, 0.001444865483790636, 0.0014326480450108647, 0.001423405366949737, 0.0014143066946417093, 0.0014088560128584504, 0.0014048299053683877, 0.001400006702169776, 0.0013955214526504278, 0.0013944030506536365, 0.0013906764797866344, 0.0013871381524950266, 0.0013847971567884088, 0.0013829800300300121, 0.0013821348547935486, 0.001379697467200458, 0.0013774617109447718, 0.0013767183991149068, 0.0013755878899246454, 0.0013730452628806233], "mean_squared_error": [0.0021897652186453342, 0.001611919142305851, 0.0015429838094860315, 0.0015101670287549496, 0.001480765757150948, 0.001459596212953329, 0.001444865483790636, 0.0014326480450108647, 0.001423405366949737, 0.0014143066946417093, 0.0014088560128584504, 0.0014048299053683877, 0.001400006702169776, 0.0013955214526504278, 0.0013944030506536365, 0.0013906764797866344, 0.0013871381524950266, 0.0013847971567884088, 0.0013829800300300121, 0.0013821348547935486, 0.001379697467200458, 0.0013774617109447718, 0.0013767183991149068, 0.0013755878899246454, 0.0013730452628806233], "val_loss": [0.0035082390531897545, 0.003515559481456876, 0.0033881328999996185, 0.0033387409057468176, 0.0033354421611875296, 0.0032982793636620045, 0.003275215858593583, 0.0033069399651139975, 0.0033192343544214964, 0.0032163977157324553, 0.0032307251822203398, 0.0032590089831501245, 0.0032327082008123398, 0.0032121939584612846, 0.0032321875914931297, 0.0032369717955589294, 0.003246431006118655, 0.0033045001327991486, 0.003204791806638241, 0.003206751774996519, 0.003212521318346262, 0.0032463623210787773, 0.003294000867754221, 0.0031942464411258698, 0.0033290591090917587], "val_mean_squared_error": [0.0035082390531897545, 0.003515559481456876, 0.0033881328999996185, 0.0033387409057468176, 0.0033354421611875296, 0.0032982793636620045, 0.003275215858593583, 0.0033069399651139975, 0.0033192343544214964, 0.0032163977157324553, 0.0032307251822203398, 0.0032590089831501245, 0.0032327082008123398, 0.0032121939584612846, 0.0032321875914931297, 0.0032369717955589294, 0.003246431006118655, 0.0033045001327991486, 0.003204791806638241, 0.003206751774996519, 0.003212521318346262, 0.0032463623210787773, 0.003294000867754221, 0.0031942464411258698, 0.0033290591090917587]}